{
  "InfernalRobotics": {
    "id": 4,
    "documentation": "<doc>\n<summary>\nThis service provides functionality to interact with\n<a href=\"https://forum.kerbalspaceprogram.com/index.php?/topic/104535-112-magic-smoke-industries-infernal-robotics-202/\">Infernal Robotics</a>.\n</summary>\n</doc>",
    "procedures": {
      "ServoGroups": {
        "id": 1,
        "parameters": [
          {
            "name": "vessel",
            "type": {
              "code": "CLASS",
              "service": "SpaceCenter",
              "name": "Vessel"
            }
          }
        ],
        "return_type": {
          "code": "LIST",
          "types": [
            {
              "code": "CLASS",
              "service": "InfernalRobotics",
              "name": "ServoGroup"
            }
          ]
        },
        "return_is_nullable": false,
        "game_scenes": [
          "FLIGHT"
        ],
        "documentation": "<doc>\n<summary>\nA list of all the servo groups in the given <paramref name=\"vessel\" />.\n</summary>\n</doc>"
      },
      "ServoGroupWithName": {
        "id": 2,
        "parameters": [
          {
            "name": "vessel",
            "type": {
              "code": "CLASS",
              "service": "SpaceCenter",
              "name": "Vessel"
            }
          },
          {
            "name": "name",
            "type": {
              "code": "STRING"
            }
          }
        ],
        "return_type": {
          "code": "CLASS",
          "service": "InfernalRobotics",
          "name": "ServoGroup"
        },
        "return_is_nullable": true,
        "game_scenes": [
          "FLIGHT"
        ],
        "documentation": "<doc>\n<summary>\nReturns the servo group in the given <paramref name=\"vessel\" /> with the given <paramref name=\"name\" />,\nor <c>null</c> if none exists. If multiple servo groups have the same name, only one of them is returned.\n</summary>\n<param name=\"vessel\">Vessel to check.</param>\n<param name=\"name\">Name of servo group to find.</param>\n</doc>"
      },
      "ServoWithName": {
        "id": 3,
        "parameters": [
          {
            "name": "vessel",
            "type": {
              "code": "CLASS",
              "service": "SpaceCenter",
              "name": "Vessel"
            }
          },
          {
            "name": "name",
            "type": {
              "code": "STRING"
            }
          }
        ],
        "return_type": {
          "code": "CLASS",
          "service": "InfernalRobotics",
          "name": "Servo"
        },
        "return_is_nullable": true,
        "game_scenes": [
          "FLIGHT"
        ],
        "documentation": "<doc>\n<summary>\nReturns the servo in the given <paramref name=\"vessel\" /> with the given <paramref name=\"name\" /> or\n<c>null</c> if none exists. If multiple servos have the same name, only one of them is returned.\n</summary>\n<param name=\"vessel\">Vessel to check.</param>\n<param name=\"name\">Name of the servo to find.</param>\n</doc>"
      },
      "get_Available": {
        "id": 4,
        "parameters": [],
        "return_type": {
          "code": "BOOL"
        },
        "return_is_nullable": false,
        "game_scenes": [
          "FLIGHT"
        ],
        "documentation": "<doc>\n<summary>\nWhether Infernal Robotics is installed.\n</summary>\n</doc>"
      },
      "get_Ready": {
        "id": 5,
        "parameters": [],
        "return_type": {
          "code": "BOOL"
        },
        "return_is_nullable": false,
        "game_scenes": [
          "FLIGHT"
        ],
        "documentation": "<doc>\n<summary>\nWhether Infernal Robotics API is ready.\n</summary>\n</doc>"
      },
      "Servo_MoveRight": {
        "id": 6,
        "parameters": [
          {
            "name": "this",
            "type": {
              "code": "CLASS",
              "service": "InfernalRobotics",
              "name": "Servo"
            }
          }
        ],
        "game_scenes": [
          "FLIGHT"
        ],
        "documentation": "<doc>\n<summary>\nMoves the servo to the right.\n</summary>\n</doc>"
      },
      "Servo_MoveLeft": {
        "id": 7,
        "parameters": [
          {
            "name": "this",
            "type": {
              "code": "CLASS",
              "service": "InfernalRobotics",
              "name": "Servo"
            }
          }
        ],
        "game_scenes": [
          "FLIGHT"
        ],
        "documentation": "<doc>\n<summary>\nMoves the servo to the left.\n</summary>\n</doc>"
      },
      "Servo_MoveCenter": {
        "id": 8,
        "parameters": [
          {
            "name": "this",
            "type": {
              "code": "CLASS",
              "service": "InfernalRobotics",
              "name": "Servo"
            }
          }
        ],
        "game_scenes": [
          "FLIGHT"
        ],
        "documentation": "<doc>\n<summary>\nMoves the servo to the center.\n</summary>\n</doc>"
      },
      "Servo_MoveNextPreset": {
        "id": 9,
        "parameters": [
          {
            "name": "this",
            "type": {
              "code": "CLASS",
              "service": "InfernalRobotics",
              "name": "Servo"
            }
          }
        ],
        "game_scenes": [
          "FLIGHT"
        ],
        "documentation": "<doc>\n<summary>\nMoves the servo to the next preset.\n</summary>\n</doc>"
      },
      "Servo_MovePrevPreset": {
        "id": 10,
        "parameters": [
          {
            "name": "this",
            "type": {
              "code": "CLASS",
              "service": "InfernalRobotics",
              "name": "Servo"
            }
          }
        ],
        "game_scenes": [
          "FLIGHT"
        ],
        "documentation": "<doc>\n<summary>\nMoves the servo to the previous preset.\n</summary>\n</doc>"
      },
      "Servo_MoveTo": {
        "id": 11,
        "parameters": [
          {
            "name": "this",
            "type": {
              "code": "CLASS",
              "service": "InfernalRobotics",
              "name": "Servo"
            }
          },
          {
            "name": "position",
            "type": {
              "code": "FLOAT"
            }
          },
          {
            "name": "speed",
            "type": {
              "code": "FLOAT"
            }
          }
        ],
        "game_scenes": [
          "FLIGHT"
        ],
        "documentation": "<doc>\n<summary>\nMoves the servo to <paramref name=\"position\" /> and sets the\nspeed multiplier to <paramref name=\"speed\" />.\n</summary>\n<param name=\"position\">The position to move the servo to.</param>\n<param name=\"speed\">Speed multiplier for the movement.</param>\n</doc>"
      },
      "Servo_Stop": {
        "id": 12,
        "parameters": [
          {
            "name": "this",
            "type": {
              "code": "CLASS",
              "service": "InfernalRobotics",
              "name": "Servo"
            }
          }
        ],
        "game_scenes": [
          "FLIGHT"
        ],
        "documentation": "<doc>\n<summary>\nStops the servo.\n</summary>\n</doc>"
      },
      "Servo_get_Name": {
        "id": 13,
        "parameters": [
          {
            "name": "this",
            "type": {
              "code": "CLASS",
              "service": "InfernalRobotics",
              "name": "Servo"
            }
          }
        ],
        "return_type": {
          "code": "STRING"
        },
        "return_is_nullable": false,
        "game_scenes": [
          "FLIGHT"
        ],
        "documentation": "<doc>\n<summary>\nThe name of the servo.\n</summary>\n</doc>"
      },
      "Servo_set_Name": {
        "id": 14,
        "parameters": [
          {
            "name": "this",
            "type": {
              "code": "CLASS",
              "service": "InfernalRobotics",
              "name": "Servo"
            }
          },
          {
            "name": "value",
            "type": {
              "code": "STRING"
            }
          }
        ],
        "game_scenes": [
          "FLIGHT"
        ],
        "documentation": "<doc>\n<summary>\nThe name of the servo.\n</summary>\n</doc>"
      },
      "Servo_get_Part": {
        "id": 15,
        "parameters": [
          {
            "name": "this",
            "type": {
              "code": "CLASS",
              "service": "InfernalRobotics",
              "name": "Servo"
            }
          }
        ],
        "return_type": {
          "code": "CLASS",
          "service": "SpaceCenter",
          "name": "Part"
        },
        "return_is_nullable": false,
        "game_scenes": [
          "FLIGHT"
        ],
        "documentation": "<doc>\n<summary>\nThe part containing the servo.\n</summary>\n</doc>"
      },
      "Servo_set_Highlight": {
        "id": 16,
        "parameters": [
          {
            "name": "this",
            "type": {
              "code": "CLASS",
              "service": "InfernalRobotics",
              "name": "Servo"
            }
          },
          {
            "name": "value",
            "type": {
              "code": "BOOL"
            }
          }
        ],
        "game_scenes": [
          "FLIGHT"
        ],
        "documentation": "<doc>\n<summary>\nWhether the servo should be highlighted in-game.\n</summary>\n</doc>"
      },
      "Servo_get_Position": {
        "id": 17,
        "parameters": [
          {
            "name": "this",
            "type": {
              "code": "CLASS",
              "service": "InfernalRobotics",
              "name": "Servo"
            }
          }
        ],
        "return_type": {
          "code": "FLOAT"
        },
        "return_is_nullable": false,
        "game_scenes": [
          "FLIGHT"
        ],
        "documentation": "<doc>\n<summary>\nThe position of the servo.\n</summary>\n</doc>"
      },
      "Servo_get_MinConfigPosition": {
        "id": 18,
        "parameters": [
          {
            "name": "this",
            "type": {
              "code": "CLASS",
              "service": "InfernalRobotics",
              "name": "Servo"
            }
          }
        ],
        "return_type": {
          "code": "FLOAT"
        },
        "return_is_nullable": false,
        "game_scenes": [
          "FLIGHT"
        ],
        "documentation": "<doc>\n<summary>\nThe minimum position of the servo, specified by the part configuration.\n</summary>\n</doc>"
      },
      "Servo_get_MaxConfigPosition": {
        "id": 19,
        "parameters": [
          {
            "name": "this",
            "type": {
              "code": "CLASS",
              "service": "InfernalRobotics",
              "name": "Servo"
            }
          }
        ],
        "return_type": {
          "code": "FLOAT"
        },
        "return_is_nullable": false,
        "game_scenes": [
          "FLIGHT"
        ],
        "documentation": "<doc>\n<summary>\nThe maximum position of the servo, specified by the part configuration.\n</summary>\n</doc>"
      },
      "Servo_get_MinPosition": {
        "id": 20,
        "parameters": [
          {
            "name": "this",
            "type": {
              "code": "CLASS",
              "service": "InfernalRobotics",
              "name": "Servo"
            }
          }
        ],
        "return_type": {
          "code": "FLOAT"
        },
        "return_is_nullable": false,
        "game_scenes": [
          "FLIGHT"
        ],
        "documentation": "<doc>\n<summary>\nThe minimum position of the servo, specified by the in-game tweak menu.\n</summary>\n</doc>"
      },
      "Servo_set_MinPosition": {
        "id": 21,
        "parameters": [
          {
            "name": "this",
            "type": {
              "code": "CLASS",
              "service": "InfernalRobotics",
              "name": "Servo"
            }
          },
          {
            "name": "value",
            "type": {
              "code": "FLOAT"
            }
          }
        ],
        "game_scenes": [
          "FLIGHT"
        ],
        "documentation": "<doc>\n<summary>\nThe minimum position of the servo, specified by the in-game tweak menu.\n</summary>\n</doc>"
      },
      "Servo_get_MaxPosition": {
        "id": 22,
        "parameters": [
          {
            "name": "this",
            "type": {
              "code": "CLASS",
              "service": "InfernalRobotics",
              "name": "Servo"
            }
          }
        ],
        "return_type": {
          "code": "FLOAT"
        },
        "return_is_nullable": false,
        "game_scenes": [
          "FLIGHT"
        ],
        "documentation": "<doc>\n<summary>\nThe maximum position of the servo, specified by the in-game tweak menu.\n</summary>\n</doc>"
      },
      "Servo_set_MaxPosition": {
        "id": 23,
        "parameters": [
          {
            "name": "this",
            "type": {
              "code": "CLASS",
              "service": "InfernalRobotics",
              "name": "Servo"
            }
          },
          {
            "name": "value",
            "type": {
              "code": "FLOAT"
            }
          }
        ],
        "game_scenes": [
          "FLIGHT"
        ],
        "documentation": "<doc>\n<summary>\nThe maximum position of the servo, specified by the in-game tweak menu.\n</summary>\n</doc>"
      },
      "Servo_get_ConfigSpeed": {
        "id": 24,
        "parameters": [
          {
            "name": "this",
            "type": {
              "code": "CLASS",
              "service": "InfernalRobotics",
              "name": "Servo"
            }
          }
        ],
        "return_type": {
          "code": "FLOAT"
        },
        "return_is_nullable": false,
        "game_scenes": [
          "FLIGHT"
        ],
        "documentation": "<doc>\n<summary>\nThe speed multiplier of the servo, specified by the part configuration.\n</summary>\n</doc>"
      },
      "Servo_get_Speed": {
        "id": 25,
        "parameters": [
          {
            "name": "this",
            "type": {
              "code": "CLASS",
              "service": "InfernalRobotics",
              "name": "Servo"
            }
          }
        ],
        "return_type": {
          "code": "FLOAT"
        },
        "return_is_nullable": false,
        "game_scenes": [
          "FLIGHT"
        ],
        "documentation": "<doc>\n<summary>\nThe speed multiplier of the servo, specified by the in-game tweak menu.\n</summary>\n</doc>"
      },
      "Servo_set_Speed": {
        "id": 26,
        "parameters": [
          {
            "name": "this",
            "type": {
              "code": "CLASS",
              "service": "InfernalRobotics",
              "name": "Servo"
            }
          },
          {
            "name": "value",
            "type": {
              "code": "FLOAT"
            }
          }
        ],
        "game_scenes": [
          "FLIGHT"
        ],
        "documentation": "<doc>\n<summary>\nThe speed multiplier of the servo, specified by the in-game tweak menu.\n</summary>\n</doc>"
      },
      "Servo_get_CurrentSpeed": {
        "id": 27,
        "parameters": [
          {
            "name": "this",
            "type": {
              "code": "CLASS",
              "service": "InfernalRobotics",
              "name": "Servo"
            }
          }
        ],
        "return_type": {
          "code": "FLOAT"
        },
        "return_is_nullable": false,
        "game_scenes": [
          "FLIGHT"
        ],
        "documentation": "<doc>\n<summary>\nThe current speed at which the servo is moving.\n</summary>\n</doc>"
      },
      "Servo_set_CurrentSpeed": {
        "id": 28,
        "parameters": [
          {
            "name": "this",
            "type": {
              "code": "CLASS",
              "service": "InfernalRobotics",
              "name": "Servo"
            }
          },
          {
            "name": "value",
            "type": {
              "code": "FLOAT"
            }
          }
        ],
        "game_scenes": [
          "FLIGHT"
        ],
        "documentation": "<doc>\n<summary>\nThe current speed at which the servo is moving.\n</summary>\n</doc>"
      },
      "Servo_get_Acceleration": {
        "id": 29,
        "parameters": [
          {
            "name": "this",
            "type": {
              "code": "CLASS",
              "service": "InfernalRobotics",
              "name": "Servo"
            }
          }
        ],
        "return_type": {
          "code": "FLOAT"
        },
        "return_is_nullable": false,
        "game_scenes": [
          "FLIGHT"
        ],
        "documentation": "<doc>\n<summary>\nThe current speed multiplier set in the UI.\n</summary>\n</doc>"
      },
      "Servo_set_Acceleration": {
        "id": 30,
        "parameters": [
          {
            "name": "this",
            "type": {
              "code": "CLASS",
              "service": "InfernalRobotics",
              "name": "Servo"
            }
          },
          {
            "name": "value",
            "type": {
              "code": "FLOAT"
            }
          }
        ],
        "game_scenes": [
          "FLIGHT"
        ],
        "documentation": "<doc>\n<summary>\nThe current speed multiplier set in the UI.\n</summary>\n</doc>"
      },
      "Servo_get_IsMoving": {
        "id": 31,
        "parameters": [
          {
            "name": "this",
            "type": {
              "code": "CLASS",
              "service": "InfernalRobotics",
              "name": "Servo"
            }
          }
        ],
        "return_type": {
          "code": "BOOL"
        },
        "return_is_nullable": false,
        "game_scenes": [
          "FLIGHT"
        ],
        "documentation": "<doc>\n<summary>\nWhether the servo is moving.\n</summary>\n</doc>"
      },
      "Servo_get_IsFreeMoving": {
        "id": 32,
        "parameters": [
          {
            "name": "this",
            "type": {
              "code": "CLASS",
              "service": "InfernalRobotics",
              "name": "Servo"
            }
          }
        ],
        "return_type": {
          "code": "BOOL"
        },
        "return_is_nullable": false,
        "game_scenes": [
          "FLIGHT"
        ],
        "documentation": "<doc>\n<summary>\nWhether the servo is freely moving.\n</summary>\n</doc>"
      },
      "Servo_get_IsLocked": {
        "id": 33,
        "parameters": [
          {
            "name": "this",
            "type": {
              "code": "CLASS",
              "service": "InfernalRobotics",
              "name": "Servo"
            }
          }
        ],
        "return_type": {
          "code": "BOOL"
        },
        "return_is_nullable": false,
        "game_scenes": [
          "FLIGHT"
        ],
        "documentation": "<doc>\n<summary>\nWhether the servo is locked.\n</summary>\n</doc>"
      },
      "Servo_set_IsLocked": {
        "id": 34,
        "parameters": [
          {
            "name": "this",
            "type": {
              "code": "CLASS",
              "service": "InfernalRobotics",
              "name": "Servo"
            }
          },
          {
            "name": "value",
            "type": {
              "code": "BOOL"
            }
          }
        ],
        "game_scenes": [
          "FLIGHT"
        ],
        "documentation": "<doc>\n<summary>\nWhether the servo is locked.\n</summary>\n</doc>"
      },
      "Servo_get_IsAxisInverted": {
        "id": 35,
        "parameters": [
          {
            "name": "this",
            "type": {
              "code": "CLASS",
              "service": "InfernalRobotics",
              "name": "Servo"
            }
          }
        ],
        "return_type": {
          "code": "BOOL"
        },
        "return_is_nullable": false,
        "game_scenes": [
          "FLIGHT"
        ],
        "documentation": "<doc>\n<summary>\nWhether the servos axis is inverted.\n</summary>\n</doc>"
      },
      "Servo_set_IsAxisInverted": {
        "id": 36,
        "parameters": [
          {
            "name": "this",
            "type": {
              "code": "CLASS",
              "service": "InfernalRobotics",
              "name": "Servo"
            }
          },
          {
            "name": "value",
            "type": {
              "code": "BOOL"
            }
          }
        ],
        "game_scenes": [
          "FLIGHT"
        ],
        "documentation": "<doc>\n<summary>\nWhether the servos axis is inverted.\n</summary>\n</doc>"
      },
      "ServoGroup_ServoWithName": {
        "id": 37,
        "parameters": [
          {
            "name": "this",
            "type": {
              "code": "CLASS",
              "service": "InfernalRobotics",
              "name": "ServoGroup"
            }
          },
          {
            "name": "name",
            "type": {
              "code": "STRING"
            }
          }
        ],
        "return_type": {
          "code": "CLASS",
          "service": "InfernalRobotics",
          "name": "Servo"
        },
        "return_is_nullable": true,
        "game_scenes": [
          "FLIGHT"
        ],
        "documentation": "<doc>\n<summary>\nReturns the servo with the given <paramref name=\"name\" /> from this group,\nor <c>null</c> if none exists.\n</summary>\n<param name=\"name\">Name of servo to find.</param>\n</doc>"
      },
      "ServoGroup_MoveRight": {
        "id": 38,
        "parameters": [
          {
            "name": "this",
            "type": {
              "code": "CLASS",
              "service": "InfernalRobotics",
              "name": "ServoGroup"
            }
          }
        ],
        "game_scenes": [
          "FLIGHT"
        ],
        "documentation": "<doc>\n<summary>\nMoves all of the servos in the group to the right.\n</summary>\n</doc>"
      },
      "ServoGroup_MoveLeft": {
        "id": 39,
        "parameters": [
          {
            "name": "this",
            "type": {
              "code": "CLASS",
              "service": "InfernalRobotics",
              "name": "ServoGroup"
            }
          }
        ],
        "game_scenes": [
          "FLIGHT"
        ],
        "documentation": "<doc>\n<summary>\nMoves all of the servos in the group to the left.\n</summary>\n</doc>"
      },
      "ServoGroup_MoveCenter": {
        "id": 40,
        "parameters": [
          {
            "name": "this",
            "type": {
              "code": "CLASS",
              "service": "InfernalRobotics",
              "name": "ServoGroup"
            }
          }
        ],
        "game_scenes": [
          "FLIGHT"
        ],
        "documentation": "<doc>\n<summary>\nMoves all of the servos in the group to the center.\n</summary>\n</doc>"
      },
      "ServoGroup_MoveNextPreset": {
        "id": 41,
        "parameters": [
          {
            "name": "this",
            "type": {
              "code": "CLASS",
              "service": "InfernalRobotics",
              "name": "ServoGroup"
            }
          }
        ],
        "game_scenes": [
          "FLIGHT"
        ],
        "documentation": "<doc>\n<summary>\nMoves all of the servos in the group to the next preset.\n</summary>\n</doc>"
      },
      "ServoGroup_MovePrevPreset": {
        "id": 42,
        "parameters": [
          {
            "name": "this",
            "type": {
              "code": "CLASS",
              "service": "InfernalRobotics",
              "name": "ServoGroup"
            }
          }
        ],
        "game_scenes": [
          "FLIGHT"
        ],
        "documentation": "<doc>\n<summary>\nMoves all of the servos in the group to the previous preset.\n</summary>\n</doc>"
      },
      "ServoGroup_Stop": {
        "id": 43,
        "parameters": [
          {
            "name": "this",
            "type": {
              "code": "CLASS",
              "service": "InfernalRobotics",
              "name": "ServoGroup"
            }
          }
        ],
        "game_scenes": [
          "FLIGHT"
        ],
        "documentation": "<doc>\n<summary>\nStops the servos in the group.\n</summary>\n</doc>"
      },
      "ServoGroup_get_Name": {
        "id": 44,
        "parameters": [
          {
            "name": "this",
            "type": {
              "code": "CLASS",
              "service": "InfernalRobotics",
              "name": "ServoGroup"
            }
          }
        ],
        "return_type": {
          "code": "STRING"
        },
        "return_is_nullable": false,
        "game_scenes": [
          "FLIGHT"
        ],
        "documentation": "<doc>\n<summary>\nThe name of the group.\n</summary>\n</doc>"
      },
      "ServoGroup_set_Name": {
        "id": 45,
        "parameters": [
          {
            "name": "this",
            "type": {
              "code": "CLASS",
              "service": "InfernalRobotics",
              "name": "ServoGroup"
            }
          },
          {
            "name": "value",
            "type": {
              "code": "STRING"
            }
          }
        ],
        "game_scenes": [
          "FLIGHT"
        ],
        "documentation": "<doc>\n<summary>\nThe name of the group.\n</summary>\n</doc>"
      },
      "ServoGroup_get_ForwardKey": {
        "id": 46,
        "parameters": [
          {
            "name": "this",
            "type": {
              "code": "CLASS",
              "service": "InfernalRobotics",
              "name": "ServoGroup"
            }
          }
        ],
        "return_type": {
          "code": "STRING"
        },
        "return_is_nullable": false,
        "game_scenes": [
          "FLIGHT"
        ],
        "documentation": "<doc>\n<summary>\nThe key assigned to be the \"forward\" key for the group.\n</summary>\n</doc>"
      },
      "ServoGroup_set_ForwardKey": {
        "id": 47,
        "parameters": [
          {
            "name": "this",
            "type": {
              "code": "CLASS",
              "service": "InfernalRobotics",
              "name": "ServoGroup"
            }
          },
          {
            "name": "value",
            "type": {
              "code": "STRING"
            }
          }
        ],
        "game_scenes": [
          "FLIGHT"
        ],
        "documentation": "<doc>\n<summary>\nThe key assigned to be the \"forward\" key for the group.\n</summary>\n</doc>"
      },
      "ServoGroup_get_ReverseKey": {
        "id": 48,
        "parameters": [
          {
            "name": "this",
            "type": {
              "code": "CLASS",
              "service": "InfernalRobotics",
              "name": "ServoGroup"
            }
          }
        ],
        "return_type": {
          "code": "STRING"
        },
        "return_is_nullable": false,
        "game_scenes": [
          "FLIGHT"
        ],
        "documentation": "<doc>\n<summary>\nThe key assigned to be the \"reverse\" key for the group.\n</summary>\n</doc>"
      },
      "ServoGroup_set_ReverseKey": {
        "id": 49,
        "parameters": [
          {
            "name": "this",
            "type": {
              "code": "CLASS",
              "service": "InfernalRobotics",
              "name": "ServoGroup"
            }
          },
          {
            "name": "value",
            "type": {
              "code": "STRING"
            }
          }
        ],
        "game_scenes": [
          "FLIGHT"
        ],
        "documentation": "<doc>\n<summary>\nThe key assigned to be the \"reverse\" key for the group.\n</summary>\n</doc>"
      },
      "ServoGroup_get_Speed": {
        "id": 50,
        "parameters": [
          {
            "name": "this",
            "type": {
              "code": "CLASS",
              "service": "InfernalRobotics",
              "name": "ServoGroup"
            }
          }
        ],
        "return_type": {
          "code": "FLOAT"
        },
        "return_is_nullable": false,
        "game_scenes": [
          "FLIGHT"
        ],
        "documentation": "<doc>\n<summary>\nThe speed multiplier for the group.\n</summary>\n</doc>"
      },
      "ServoGroup_set_Speed": {
        "id": 51,
        "parameters": [
          {
            "name": "this",
            "type": {
              "code": "CLASS",
              "service": "InfernalRobotics",
              "name": "ServoGroup"
            }
          },
          {
            "name": "value",
            "type": {
              "code": "FLOAT"
            }
          }
        ],
        "game_scenes": [
          "FLIGHT"
        ],
        "documentation": "<doc>\n<summary>\nThe speed multiplier for the group.\n</summary>\n</doc>"
      },
      "ServoGroup_get_Expanded": {
        "id": 52,
        "parameters": [
          {
            "name": "this",
            "type": {
              "code": "CLASS",
              "service": "InfernalRobotics",
              "name": "ServoGroup"
            }
          }
        ],
        "return_type": {
          "code": "BOOL"
        },
        "return_is_nullable": false,
        "game_scenes": [
          "FLIGHT"
        ],
        "documentation": "<doc>\n<summary>\nWhether the group is expanded in the InfernalRobotics UI.\n</summary>\n</doc>"
      },
      "ServoGroup_set_Expanded": {
        "id": 53,
        "parameters": [
          {
            "name": "this",
            "type": {
              "code": "CLASS",
              "service": "InfernalRobotics",
              "name": "ServoGroup"
            }
          },
          {
            "name": "value",
            "type": {
              "code": "BOOL"
            }
          }
        ],
        "game_scenes": [
          "FLIGHT"
        ],
        "documentation": "<doc>\n<summary>\nWhether the group is expanded in the InfernalRobotics UI.\n</summary>\n</doc>"
      },
      "ServoGroup_get_Servos": {
        "id": 54,
        "parameters": [
          {
            "name": "this",
            "type": {
              "code": "CLASS",
              "service": "InfernalRobotics",
              "name": "ServoGroup"
            }
          }
        ],
        "return_type": {
          "code": "LIST",
          "types": [
            {
              "code": "CLASS",
              "service": "InfernalRobotics",
              "name": "Servo"
            }
          ]
        },
        "return_is_nullable": false,
        "game_scenes": [
          "FLIGHT"
        ],
        "documentation": "<doc>\n<summary>\nThe servos that are in the group.\n</summary>\n</doc>"
      },
      "ServoGroup_get_Parts": {
        "id": 55,
        "parameters": [
          {
            "name": "this",
            "type": {
              "code": "CLASS",
              "service": "InfernalRobotics",
              "name": "ServoGroup"
            }
          }
        ],
        "return_type": {
          "code": "LIST",
          "types": [
            {
              "code": "CLASS",
              "service": "SpaceCenter",
              "name": "Part"
            }
          ]
        },
        "return_is_nullable": false,
        "game_scenes": [
          "FLIGHT"
        ],
        "documentation": "<doc>\n<summary>\nThe parts containing the servos in the group.\n</summary>\n</doc>"
      }
    },
    "classes": {
      "Servo": {
        "documentation": "<doc>\n<summary>\nRepresents a servo. Obtained using\n<see cref=\"M:InfernalRobotics.ServoGroup.Servos\" />,\n<see cref=\"M:InfernalRobotics.ServoGroup.ServoWithName\" />\nor <see cref=\"M:InfernalRobotics.ServoWithName\" />.\n</summary>\n</doc>"
      },
      "ServoGroup": {
        "documentation": "<doc>\n<summary>\nA group of servos, obtained by calling <see cref=\"M:InfernalRobotics.ServoGroups\" />\nor <see cref=\"M:InfernalRobotics.ServoGroupWithName\" />. Represents the \"Servo Groups\"\nin the InfernalRobotics UI.\n</summary>\n</doc>"
      }
    },
    "enumerations": {},
    "exceptions": {}
  }
}